bairro,regiao
Alice Barbosa,Norte
Antônio Barbosa,Norte
Antônio Carlos Pires,Norte
Asa Branca,Norte
Atalaia,Norte
Caraíbas,Norte
Felicidade,Norte
Gentil Meireles,Norte
Goiânia 2,Norte
Granja Cruzeiro do Sul,Norte
Guarema,Norte
Hugo de Moraes,Norte
Humaitá,Norte
Itanhangá,Norte
Vila Itatiaia,Norte
Itamaracá,Norte
Setor Jaó,Norte
Jardim Balneário Meia Ponte,Norte
Jardim Bom Jesus,Norte
Jardim Diamantina,Norte
Jardim Gramado,Norte
Jardim Guanabara,Norte
Jardim Guanabara II,Norte
Jardim Guanabara III,Norte
Jardim Ipê,Norte
Vila Jardim Pompéia,Norte
Jardim Santa Cecília,Norte
João Paulo II,Norte
José Viandeli,Norte
Licardino Ney,Norte
Mansões do Campus,Norte
Mansões Goianas,Norte
Maria Dilce,Norte
Maria Lourença,Norte
Maria Rosa,Norte
Morada do Bosque,Norte
Morada do Ipê,Norte
Morumbi,Norte
Morada dos Sonhos,Norte
Nossa Morada,Norte
Orlando de Morais,Norte
Panorama Parque,Norte
Parque Balneário,Norte
Parque das Flores,Norte
Parque das Nações,Norte
Parque dos Cisnes,Norte
Perim,Norte
Pindorama,Norte
Portal da Mata,Norte
Progresso,Norte
Residencial Balneário,Norte
Residencial das Acácias,Norte
Residencial dos Ipês,Norte
Residencial Guanabara,Norte
Residencial Itália,Norte
Santa Genoveva,Norte
São Geraldo,Norte
Vila Jardim São Judas Tadeu,Norte
Sevene,Norte
Shangri-lá,Norte
Setor Urias Magalhães,Norte
Vale da Serra,Norte
Residencial Vale dos Sonhos,Norte
Residencial Vale dos Sonhos I,Norte
Vila Clemente,Norte
Vila Cristina,Norte
Vila dos Oficiais,Norte
Vila Industrial Pedro Abraão,Norte
Vila Militar,Norte
Vila Nossa Senhora Aparecida,Norte
Vila Roriz,Norte
Vila Santa Cruz,Norte
Village Atalaia,Norte
Setor Aeroporto,Centro Oeste
Aeroviário,Centro Oeste
Setor Campinas,Centro Oeste
Castelo Branco,Centro Oeste
Setor Central,Centro Oeste
Setor Centro Oeste,Centro Oeste
Cidade Jardim,Centro Oeste
Setor Coimbra,Centro Oeste
Setor Criméia Leste,Centro Oeste
Setor Criméia Oeste,Centro Oeste
Elísios Campos,Centro Oeste
Esplanada do Anicuns,Centro Oeste
Setor dos Funcionários,Centro Oeste
Guadalajara,Centro Oeste
Industrial Mooca,Centro Oeste
Jardim Ana Flávia,Centro Oeste
Jardim Xavier,Centro Oeste
Setor Marechal Rondon,Centro Oeste
Morada Nova,Centro Oeste
Morais,Centro Oeste
Setor Negrão de Lima,Centro Oeste
Nossa Senhora de Fátima,Centro Oeste
Nova Vila,Centro Oeste
Setor Norte Ferroviário,Centro Oeste
Operário,Centro Oeste
Padre Pelágio,Centro Oeste
Parque Industrial de Goiânia,Centro Oeste
Rodoviário,Centro Oeste
Romildo F. R. Amaral,Centro Oeste
Setor Santos Dumont,Centro Oeste
Setor São Jose,Centro Oeste
Setor Sul,Centro Oeste
Tocafundo,Centro Oeste
Setor Leste Universitário,Centro Oeste
Vila Abajá,Centro Oeste
Vila Adélia,Centro Oeste
Vila Aguiar,Centro Oeste
Vila Aurora,Centro Oeste
Vila Bethel,Centro Oeste
Vila Boa Sorte,Centro Oeste
Vila Canaa,Centro Oeste
Vila Colemar Natal e Silva,Centro Oeste
Vila Fernandes,Centro Oeste
Vila Froes,Centro Oeste
Vila Irany,Centro Oeste
Vila Isaura,Centro Oeste
Vila Jacaré,Centro Oeste
Vila Jaraguá,Centro Oeste
Vila Megale,Centro Oeste
Vila Monticelli,Centro Oeste
Vila Mooca,Centro Oeste
Setor Leste Vila Nova,Centro Oeste
Vila Nova Canaã,Centro Oeste
Vila Ofugi,Centro Oeste
Vila Oswaldo Rosa,Centro Oeste
Vila Paraíso,Centro Oeste
Vila Perdiz,Centro Oeste
Vila Santa Helena,Centro Oeste
Vila Santa Isabel,Centro Oeste
Vila Santa Rita,Centro Oeste
Vila Santa Tereza,Centro Oeste
Vila Santana,Centro Oeste
Vila Santo Antônio,Centro Oeste
Vila São Francisco,Centro Oeste
Vila São José,Centro Oeste
Vila São Luiz,Centro Oeste
Vila Vera Cruz,Centro Oeste
Vila Viana,Centro Oeste
Vila Viandelli,Centro Oeste
Yara,Centro Oeste
Alto do Vale,Noroeste
Anglo,Noroeste
da Vitória,Noroeste
Barravento,Noroeste
Boa Vista,Noroeste
Residencial Brisas da Mata,Noroeste
Setor Candida de Morais,Noroeste
Chácaras Maria Dilce,Noroeste
Conjunto Primavera,Noroeste
Empresarial,Noroeste
Setor Estrela D'Alva,Noroeste
Vila Finsocial,Noroeste
Floresta,Noroeste
Fonte das Águas,Noroeste
Green Park,Noroeste
Jardim Belvedere,Noroeste
Jardim Camargo,Noroeste
Jardim Colorado,Noroeste
Jardim Curitiba,Noroeste
Jardim das Hortências,Noroeste
Jardim das Rosas,Noroeste
Jardim Fonte Nova,Noroeste
Jardim Helou,Noroeste
Jardim Lago Azul,Noroeste
Jardim Liberdade,Noroeste
Jardim Nova Esperanca,Noroeste
Jardim Vista Bela,Noroeste
Juscelino Kubitschek,Noroeste
Malibu,Noroeste
Mansões Paraíso,Noroeste
Mansões Rosas de Ouro,Noroeste
Marabá,Noroeste
Setor Morada do Sol,Noroeste
Noroeste,Noroeste
Setor Novo Planalto,Noroeste
Parque Aeronáutico Antônio Sebba Filho,Noroeste
Parque Maracanã,Noroeste
Parque Santa Rita,Noroeste
Privê Norte,Noroeste
Residencial Recanto do Bosque,Noroeste
Setor Parque Tremendão,Noroeste
Paulo Pacheco,Noroeste
Recreio Estrela D'Alva,Noroeste
Recreio Panorama,Noroeste
Residencial Fortaleza,Noroeste
Residencial Maringá,Noroeste
Residencial Mirante,Noroeste
São Carlos,Noroeste
São Domingos,Noroeste
Setor Estrela Dalva,Noroeste
São Joaquim,Noroeste
Senador Albino Boaventura,Noroeste
Solange Pa,Noroeste
rque,Noroeste
Solange Pa,Noroeste
rque I,Noroeste
Terra Nova,Noroeste
Vila Mutirão,Noroeste
Vila Mutirão I,Noroeste
Alto da Glória,Sul
Areião,Sul
Setor Bela Vista,Sul
Setor Bueno,Sul
Jardim América,Sul
Jardim das Esmeraldas,Sul
Jardim Goiás,Sul
"Jardim Santo 
Antônio",Sul
Jardim Vitória,Sul
Setor Marista,Sul
Nova Suíça,Sul
Setor Oeste,Sul
Parque Amazônia,Sul
Setor Pedro Ludovico,Sul
Serrinha,Sul
Setor dos Afonsos,Sul
Vila Americano do Brasil,Sul
Vila Divino Pai Eterno,Sul
Vila Maria Isabel,Sul
Vila Maria José,Sul
Vila Redenção,Sul
Vila Santa Efigênia,Sul
Vila São João,Sul
Vila São Tomaz,Sul
Vila Teófilo Neto,Sul
Parque Atheneu,Sul
14 Bis,Oeste
Alto Boa Vista,Oeste
Ana Moraes,Oeste
Anicuns,Oeste
Araguaia Park,Oeste
Bairro das Nações,Oeste
Barra da Tijuca,Oeste
Beatriz Nascimento,Oeste
Bertim Belchior,Oeste
Bosque dos Buritis,Oeste
Buena Vista,Oeste
Capuava,Oeste
Capuava Residencial Privê,Oeste
Carla Cristina,Oeste
Carolina Parque,Oeste
Celina Parque,Oeste
Chácara Anhanguera,Oeste
Chácara Buritis,Oeste
Chácara Maringá,Oeste
Chácara Santa Rita,Oeste
Chácara São José,Oeste
Cidade Verde,Oeste
Condomínio do Lago,Oeste
Conjunto Anhanguera,Oeste
Conjunto Vera Cruz,Oeste
Coronel Álvaro Alves Júnior,Oeste
Costa Verde,Oeste
Della Pena,Oeste
Dezopi,Oeste
Dom Rafael,Oeste
Goiá,Oeste
Residencial Goiânia Viva,Oeste
Goyaz Park,Oeste
Ipiranga,Oeste
Jardim Aritana,Oeste
Jardim Bonanza,Oeste
Jardim Botânico,Oeste
Jardim Clarissa,Oeste
Jardim Corte Real,Oeste
Jardim das Oliveiras,Oeste
Jardim das Rosas,Oeste
Jardim Imperial,Oeste
Jardim Leblon,Oeste
Jardim Marques de Abreu,Oeste
Jardim Mirabel,Oeste
Jardim Novo Petrópolis,Oeste
Jardim Real,Oeste
Jardim São José,Oeste
Jardins do Cerrado,Oeste
João Bueno,Oeste
Vila João Vaz,Oeste
Junqueira,Oeste
Lorena Parque,Oeste
Lírios do Campo,Oeste
London Park,Oeste
Luana Park,Oeste
Maysa,Oeste
Monte Pascoal,Oeste
Jardim Mundo Novo,Oeste
Nova Aurora,Oeste
Nunes de Morais,Oeste
Jardim Petrópolis,Oeste
Park Solar,Oeste
Parque Bom Jesus,Oeste
Parque Buriti,Oeste
Parque Eldorado Oeste,Oeste
Parque Industrial João Braz,Oeste
Parque Industrial Paulista,Oeste
Parque Mendanha,Oeste
Parque Oeste,Oeste
Parque Paraíso,Oeste
Pilar dos Sonhos,Oeste
Ponta Negra,Oeste
Portal Anhanguera,Oeste
Quinta da Boa Vista,Oeste
Residencial Recanto das Garças,Oeste
Recreio São Joaquim,Oeste
Residencial Mendanha,Oeste
Residencial Noroeste,Oeste
Residencial Petropolis,Oeste
Residencial Portinari,Oeste
Residencial Primavera,Oeste
Residencial Real,Oeste
Residencial Santa Maria,Oeste
Rio Branco,Oeste
San Marino,Oeste
São Bernardo,Oeste
São Francisco,Oeste
São Joaquim,Oeste
São Marcos,Oeste
Santa Rita,Oeste
Santos Dumont,Oeste
Serra Azul,Oeste
Solange Parque,Oeste
Solange Parque I,Oeste
Solar Ville,Oeste
Tempo Novo,Oeste
Tuzimoto,Oeste
Tropical Verde,Oeste
Tropical Ville,Oeste
Vila Regina,Oeste
Vila Rizzo,Oeste
Village Maringá,Oeste
Água Branca,Leste
Residencial Aldeia do Vale,Leste
Alphaville Flamboyant,Leste
Arco Verde,Leste
Aruanã,Leste
Aruanã Park,Leste
Bairro Feliz,Leste
Belo Horizonte,Leste
Brisas do Cerrado,Leste
Carlos de Freitas,Leste
Cléa Borges,Leste
Conjunto Anhanguera,Leste
Costa Paranhos,Leste
Chácara Botafogo,Leste
Chácara do Governador,Leste
Colônia Santa Marta,Leste
Conjunto Caiçara,Leste
Conjunto Fabiana,Leste
Conjunto Palmares,Leste
Conjunto Riviera,Leste
Goiânia Golfe Clube,Leste
Grande Retiro,Leste
Housing Flamboyant,Leste
Irisville,Leste
Jardim Abaporu,Leste
Jardim Atenas,Leste
Jardim Bela Vista,Leste
Jardim Brasil,Leste
Jardim Califórnia,Leste
Jardim Califórnia Industrial,Leste
Jardim Conquista,Leste
Jardim da Luz,Leste
Jardim das Aroeiras,Leste
Jardim Dom Fernando,Leste
Jardim Lajeado,Leste
Jardim Maria Helena,Leste
Jardim Mariliza,Leste
Jardim Novo Mundo,Leste
Jardim Paris,Leste
Jardim Santa Cecília,Leste
Jardim Valência,Leste
Jardim Verona,Leste
Jardim Vitória,Leste
Jardins Milão,Leste
Jardins Munique,Leste
Lucy Pinheiro,Leste
Mansões Bernardo Sayão,Leste
Mar del Plata,Leste
Monte Verde,Leste
Park Lozandes,Leste
Parque Acalanto,Leste
Parque Atheneu,Leste
Parque das Amendoeiras,Leste
Parque das Laranjeiras,Leste
Parque Flamboyant,Leste
Parque Santa Cruz,Leste
Parque Santa Maria,Leste
Paulo Estrela,Leste
Portal do Sol,Leste
Portal do Sol II,Leste
Portal Petrópolis,Leste
Privê dos Girassóis,Leste
Setor Recanto das Minas Gerais,Leste
Recanto dos Buritis,Leste
Residencial Havaí,Leste
Residencial Olinda,Leste
Residencial Ouro Preto,Leste
Residencial Português,Leste
Rio Jordão,Leste
Santa Bárbara,Leste
Santo Hilário,Leste
São Francisco de Assis,Leste
São Leopoldo,Leste
São Silvestre,Leste
Senador Paranhos,Leste
Serra Park,Leste
Sonho Dourado,Leste
Sonho Verde,Leste
Tupinambá dos Reis,Leste
Vale das Brisas,Leste
Vale do Araguaia,Leste
Vila Alto da Glória,Leste
Vila Bandeirantes,Leste
Vila Concórdia,Leste
Vila Legionárias,Leste
Vila Maria Luíza,Leste
Vila Martins,Leste
Vila Matilde,Leste
Vila Morais,Leste
Vila Pedroso,Leste
Vila Romana,Leste
Ville de France,Leste
Alphaville Residencial,Sudoeste
v,Referências
d,Referências
e,Referências
Residencial Granville,Sudoeste
Setor Sudoeste,Sudoeste
Setor União,Sudoeste
Jardim Europa,Sudoeste
Jardim Vila Boa,Sudoeste
Setor Novo Horizonte,Sudoeste
Residencial Eldorado,Sudoeste
Jardim Planalto,Noroeste
Residencial Itaipú,Sudoeste
Jardim Presidente,Sudoeste
Vila Alpes,Sudoeste
Parque Anhanguera,Sudoeste
Jardim Itaipu,Sudoeste
Faicalville,Sudoeste
Vila Rosa,Sudoeste
Jardim Atlântico,Sudoeste
Nova Suiça,Sul
Setor Garavelo,Sudoeste
Parque Oeste Industrial,Sudoeste
Setor Urias Magalhaes,Norte
Residencial Granville,Sudoeste
Setor Sudoeste,Sudoeste
Setor União,Sudoeste
Jardim Europa,Sudoeste
Jardim Vila Boa,Sudoeste
Setor Novo Horizonte,Sudoeste
Residencial Eldorado,Sudoeste
Jardim Planalto,Noroeste
Residencial Itaipú,Sudoeste
Jardim Presidente,Sudoeste
Vila Alpes,Sudoeste
Parque Anhanguera,Sudoeste
Jardim Itaipu,Sudoeste
Faicalville,Sudoeste
Vila Rosa,Sudoeste
Jardim Atlântico,Sudoeste
Nova Suiça,Sul
Setor Garavelo,Sudoeste
Parque Oeste Industrial,Sudoeste
Setor Urias Magalhaes,Norte
Residencial Granville,Sudoeste
Setor Sudoeste,Sudoeste
Setor União,Sudoeste
Jardim Europa,Sudoeste
Jardim Vila Boa,Sudoeste
Setor Novo Horizonte,Sudoeste
Residencial Eldorado,Sudoeste
Jardim Planalto,Noroeste
Residencial Itaipú,Sudoeste
Jardim Presidente,Sudoeste
Vila Alpes,Sudoeste
Parque Anhanguera,Sudoeste
Jardim Itaipu,Sudoeste
Faicalville,Sudoeste
Vila Rosa,Sudoeste
Jardim Atlântico,Sudoeste
Nova Suiça,Sul
Setor Garavelo,Sudoeste
Parque Oeste Industrial,Sudoeste
Setor Urias Magalhaes,Norte
Conjunto Habitacional Madre Germana 2,Noroeste
Vila São José - Extensão,Centro Oeste
Setor Rio Formoso,Sudoeste
Residencial Jardim Florença,Sudoeste
Setor Perim,Norte
Residencial Orlando de Morais,Norte
